{
    "poses": {
        "donotuse1": {
            "pose": [
                0,
                0,
                0,
                0,
                0,
                0
            ]
        },
        "donotuse2": {
            "pose": [
                1,
                1,
                1,
                1,
                1,
                1
            ]
        },
        "nooooo0oooo": {
            "pose": [
                0,
                0,
                0,
                0,
                0,
                0
            ]
        },
        "noooooo0": {
            "pose": [
                0,
                0,
                0,
                0,
                0,
                0
            ]
        },
        "way1": {
            "pose": [
                -0.17410926995649248,
                0.31770314035863456,
                0.9399220407517043,
                -2.542679814075148,
                -0.0013461681854523295,
                0.0028984033941006964
            ]
        },
        "way2": {
            "pose": [
                0.40711995938018153,
                0.538956811942583,
                0.14259994652450225,
                -3.089964877078174,
                0.019752660492117304,
                0.026605876194521524
            ]
        },
        "ringpers": {
            "pose": [
                -0.4838616024323542,
                0.6702109844109201,
                0.39353669081200054,
                1.2496402091834944,
                1.238727344204246,
                -1.2124216598566535
            ]
        }
    }
}